[{"code":"","src":"https://http2.mlstatic.com/frontend-assets/mshops-web-widgets/v2.4.6/cookie-disclaimer.js","priority":10,"key":"widget-0"},{"code":"","src":"https://http2.mlstatic.com/frontend-assets/mshops-web-widgets/v2.4.6/menu-explorer.js","priority":10,"key":"widget-1"},{"code":"","src":"https://http2.mlstatic.com/frontend-assets/mshops-web-widgets/v2.4.6/search-explorer.js","priority":10,"key":"widget-2"},{"code":"","src":"https://http2.mlstatic.com/frontend-assets/mshops-web-widgets/v2.5.2/suscription-footer.js","priority":10,"key":"widget-3"},{"code":"setTimeout(() => {\r\n    const URLactual = window.location.pathname\r\n    const body = document.getElementsByTagName('body')[0]\r\n    \r\n    if(URLactual === '/' || URLactual === '/p/contacto' || URLactual === '/rompecabezas-y-sus-beneficios' || URLactual === '/55-feria-del-juguete' || URLactual === '/mayoristas' || URLactual === '/nosotros'){\r\n        body.style.backgroundImage = 'url(https://iili.io/HrwnqwQ.png)'\r\n        body.style.backgroundSize = 'contain'\r\n    }   \r\n\r\n},500)\r\n\r\nlet menuMobileCategorias = document.getElementsByClassName('menu-mobile-categorias')\r\nlet menuMobileCategoriasDiv = document.getElementsByClassName('menu-mobile-categorias-div')\r\nlet categoriasMobile = document.getElementsByClassName('nav-default-list--vertical__item')\r\nlet arrowMobile = document.getElementsByClassName('arrow-mobile')\r\n\r\ncategoriasMobile[1].addEventListener('click', () => {\r\n    categoriasMobile[2].classList.toggle('invisible')\r\n    categoriasMobile[11].classList.toggle('invisible')\r\n    categoriasMobile[18].classList.toggle('invisible')\r\n    categoriasMobile[28].classList.toggle('invisible')\r\n\r\n    arrowMobile[0].classList.toggle('rotate')\r\n})\r\n\r\ncategoriasMobile[2].addEventListener('click', () => {\r\n    categoriasMobile[3].classList.toggle('invisible')\r\n    categoriasMobile[4].classList.toggle('invisible')\r\n    categoriasMobile[5].classList.toggle('invisible')\r\n    categoriasMobile[6].classList.toggle('invisible')\r\n    categoriasMobile[7].classList.toggle('invisible')\r\n\r\n    categoriasMobile[8].classList.add('invisible')\r\n    categoriasMobile[9].classList.add('invisible')\r\n    categoriasMobile[10].classList.add('invisible')\r\n\r\n    arrowMobile[1].classList.toggle('rotate')\r\n})\r\n\r\ncategoriasMobile[7].addEventListener('click', () => {\r\n    categoriasMobile[8].classList.toggle('invisible')\r\n    categoriasMobile[9].classList.toggle('invisible')\r\n    categoriasMobile[10].classList.toggle('invisible')\r\n\r\n    arrowMobile[2].classList.toggle('rotate')\r\n})\r\n\r\ncategoriasMobile[11].addEventListener('click', () => {\r\n    categoriasMobile[12].classList.toggle('invisible')\r\n    categoriasMobile[13].classList.toggle('invisible')\r\n    categoriasMobile[14].classList.toggle('invisible')\r\n    categoriasMobile[15].classList.toggle('invisible')\r\n    categoriasMobile[16].classList.toggle('invisible')\r\n    categoriasMobile[17].classList.toggle('invisible')\r\n\r\n    arrowMobile[3].classList.toggle('rotate')\r\n})\r\n\r\ncategoriasMobile[18].addEventListener('click', () => {\r\n    categoriasMobile[19].classList.toggle('invisible')\r\n    categoriasMobile[20].classList.toggle('invisible')\r\n    categoriasMobile[21].classList.toggle('invisible')\r\n    categoriasMobile[22].classList.toggle('invisible')\r\n    categoriasMobile[23].classList.toggle('invisible')\r\n    categoriasMobile[24].classList.toggle('invisible')\r\n    categoriasMobile[25].classList.toggle('invisible')\r\n    categoriasMobile[26].classList.toggle('invisible')\r\n    categoriasMobile[27].classList.toggle('invisible')\r\n\r\n    arrowMobile[4].classList.toggle('rotate')\r\n})\r\n\r\n\r\nsetTimeout(() => {\r\n\r\n    let topPosition = document.getElementsByClassName('destacadas-section')[0].offsetTop\r\n    \r\n    let arrows = document.getElementsByClassName('arrow-d')\r\n    \r\n    arrows[0].style.top = `${topPosition + 143}px`\r\n    arrows[0].style.left = `20px`\r\n    arrows[1].style.top = `${topPosition + 143}px`\r\n    arrows[1].style.left = `${screen.width - arrows[1].offsetWidth - 20}px`\r\n\r\n}, 1000)","src":"","priority":10,"key":"widget-4"},{"code":"let producto = document.getElementsByClassName('nav-default-list--horizontal__attribute')[1]\r\nlet categoriasPopover = document.getElementsByClassName('categorias-popover-ul')\r\nlet subcategoriasPopover = document.getElementsByClassName('subcategorias-ul')\r\nlet categoriasLeave = document.getElementsByClassName('categorias-leave')\r\nlet madera = document.getElementsByClassName('subcategorias-popover')[4]\r\n\r\n\r\nproducto.addEventListener('mouseenter', () => {\r\n    for(let i = 0 ; i < categoriasPopover.length ; i++){\r\n        categoriasPopover[i].classList.remove('invisible2')\r\n    }\r\n})\r\nproducto.addEventListener('mouseleave', () => {\r\n    for(let i = 0 ; i < categoriasPopover.length ; i++){\r\n        categoriasPopover[i].classList.add('invisible2')\r\n    }\r\n})\r\n\r\ncategoriasPopover[0].addEventListener('mouseenter', () => {\r\n    subcategoriasPopover[0].classList.remove('invisible2')\r\n})\r\nmadera.addEventListener('mouseenter', () => {\r\n    subcategoriasPopover[1].classList.remove('invisible2')\r\n})\r\ncategoriasPopover[1].addEventListener('mouseenter', () => {\r\n    subcategoriasPopover[2].classList.remove('invisible2')\r\n})\r\ncategoriasPopover[2].addEventListener('mouseenter', () => {\r\n    subcategoriasPopover[3].classList.remove('invisible2')\r\n})\r\ncategoriasLeave[0].addEventListener('mouseleave', () => {\r\n    subcategoriasPopover[0].classList.add('invisible2')\r\n})\r\ncategoriasLeave[1].addEventListener('mouseleave', () => {\r\n    subcategoriasPopover[1].classList.add('invisible2')\r\n})\r\ncategoriasLeave[2].addEventListener('mouseleave', () => {\r\n    subcategoriasPopover[2].classList.add('invisible2')\r\n})\r\ncategoriasLeave[3].addEventListener('mouseleave', () => {\r\n    subcategoriasPopover[3].classList.add('invisible2')\r\n})\r\n\r\n\r\n\r\nconst URLactual = window.location.pathname\r\n\r\nlet populares = document.getElementsByClassName('populares-section')[0]\r\nlet destacadasSection = document.getElementsByClassName('destacadas-section')[0]\r\nlet videosSection = document.getElementsByClassName('video-section')[0]\r\nlet edadesSection = document.getElementsByClassName('edades-section')[0]\r\nlet blogSection = document.getElementsByClassName('blog-section')[0]\r\nlet olas = document.getElementsByClassName('olas')\r\n\r\nif(URLactual === '/'){\r\n    populares.classList.remove('invisible')\r\n    destacadasSection.classList.remove('invisible')\r\n    videosSection.classList.remove('invisible')\r\n    edadesSection.classList.remove('invisible')\r\n    blogSection.classList.remove('invisible')\r\n    for(let i = 0 ; i < olas.length-1 ; i++){\r\n        olas[i].classList.remove('invisible')\r\n    }\r\n\r\n}\r\n\r\nsetTimeout(() => {\r\n    document.getElementsByClassName('bug')[0].style.color('#ffffff')\r\n    document.getElementsByClassName('bug')[0].classList.add('bug')\r\n},500)\r\n\r\nlet tituloCategoria = document.getElementsByClassName('ui-search-breadcrumb__title')[0]\r\n\r\nconst cambiarTituloCategoria = (codigo, categoria) => {\r\n    if(URLactual === `/${codigo}` || URLactual === `/${codigo}_DisplayType_G`){\r\n        tituloCategoria.innerText = categoria\r\n        document.title = `Barco de Papel | ${categoria}`\r\n    }else if(URLactual === codigo){\r\n        tituloCategoria.innerText = categoria\r\n        document.title = `Barco de Papel | ${categoria}`\r\n    }\r\n}\r\n\r\nsetTimeout(() => {\r\n    \r\n    cambiarTituloCategoria('bdp01','Emociones')\r\n    cambiarTituloCategoria('bdp02','Yoga y mindfulness')\r\n    cambiarTituloCategoria('bdp03','Imaginación y creatividad')\r\n    cambiarTituloCategoria('bdp04','Conversación')\r\n    cambiarTituloCategoria('bdp05','Vocabulario')\r\n    cambiarTituloCategoria('bdp06','Lectoescritura')\r\n    cambiarTituloCategoria('bdp07','Matemáticas')\r\n    cambiarTituloCategoria('bdp08','Resolución de problemas')\r\n    cambiarTituloCategoria('bdp09','Inglés')\r\n    \r\n    cambiarTituloCategoria('bdp31','Juegos de mesa')\r\n    cambiarTituloCategoria('bdp32','Cartas didácticas')\r\n    cambiarTituloCategoria('bdp33','Libros móviles')\r\n    cambiarTituloCategoria('bdp34','Rompecabezas')\r\n\r\n    cambiarTituloCategoria('bdp41','Rompecabezas')\r\n    cambiarTituloCategoria('bdp42','Juegos de memoria')\r\n    cambiarTituloCategoria('bdp43','Primeros encastres')\r\n    \r\n    cambiarTituloCategoria('/_DisplayType_G_MIN*RECOMMENDED*AGE_1a%C3%B1os-3a%C3%B1os_NoIndex_True','+18 Meses')\r\n    cambiarTituloCategoria('/_DisplayType_G_MIN*RECOMMENDED*AGE_3a%C3%B1os-5a%C3%B1os_NoIndex_True','+3 Años')\r\n    cambiarTituloCategoria('/_DisplayType_G_MIN*RECOMMENDED*AGE_5a%C3%B1os-6a%C3%B1os_NoIndex_True','+5 Años')\r\n    cambiarTituloCategoria('/_DisplayType_G_MIN*RECOMMENDED*AGE_6a%C3%B1os-8a%C3%B1os_NoIndex_True','+6 Años')\r\n    cambiarTituloCategoria('/_DisplayType_G_MIN*RECOMMENDED*AGE_8a%C3%B1os-12a%C3%B1os_NoIndex_True','+8 Años')\r\n    cambiarTituloCategoria('/_DisplayType_G_MIN*RECOMMENDED*AGE_12a%C3%B1os-*_NoIndex_True','+12 Años')\r\n\r\n    cambiarTituloCategoria('bdp99','Combos')\r\n\r\n}, 500)\r\n\r\n\r\nlet arrowSection = document.getElementsByClassName('arrow-destacadas')[0]\r\nlet arrows = document.getElementsByClassName('arrow-d')\r\nlet position = 1\r\n\r\narrows[0].addEventListener('click', () => {\r\n    destacadasSection.scrollLeft -= window.innerWidth;\r\n    position--\r\n    if(position === 1){\r\n        arrows[0].classList.add('invisible')\r\n    }else if(position < 4){\r\n        arrows[1].classList.remove('invisible')\r\n    }\r\n  });\r\n\r\narrows[1].addEventListener('click', () => {\r\n    destacadasSection.scrollLeft += window.innerWidth;\r\n    position++\r\n    if(position === 4){\r\n        arrows[1].classList.add('invisible')\r\n    }else if(position > 1){\r\n        arrows[0].classList.remove('invisible')\r\n    }\r\n});\r\n\r\nlet lupa = document.querySelectorAll('.explorer-header__svg path')[1]\r\nlet form = document.getElementById('search-form')\r\nlet input = document.getElementById('search-input')\r\nlet boton = document.getElementById('nav-search-button')\r\n\r\nboton.addEventListener('click', () => {\r\n\r\n    lupa.style.fill = 'rgb(133, 4, 226)'\r\n    form.style.backgroundColor = '#ffffff'\r\n\r\n})\r\n\r\ninput.addEventListener('focus', () => {\r\n    searchInput.style.outline = 'none';\r\n    searchInput.style.border = 'none';\r\n  });\r\n\r\n","src":"","priority":10,"key":"widget-5"},{"code":"(function() {\r\n    let link = document.querySelector(\"link[rel*='icon']\") || document.createElement('link');\r\n    link.type = 'image/x-icon';\r\n    link.rel = 'shortcut icon';\r\n    link.href = 'https://http2.mlstatic.com/storage/mshops-appearance-api/images/26/1359504426/logo-2023050209373064600.webp';\r\n    document.getElementsByTagName('head')[0].appendChild(link);\r\n  })();\r\n  function faviconIn(){\r\n    let link = document.querySelector(\"link[rel*='icon']\") || document.createElement('link');\r\n    link.type = 'image/x-icon';link.rel = 'shortcut icon';\r\n    link.href = 'https://http2.mlstatic.com/storage/mshops-appearance-api/images/26/1359504426/logo-2023050209373064600.webp';\r\n    document.getElementsByTagName('head')[0].appendChild(link)\r\n  };\r\n  \r\n  setTimeout(faviconIn,1000);\r\n\r\nlet components = document.getElementsByClassName('component-wrapper')\r\nlet video = document.getElementsByClassName('video-section')[0]\r\nlet footer = document.getElementsByClassName('explorer-footer-contact-container')[0]\r\nlet populares = document.getElementsByClassName('populares-section')[0]\r\nlet olas = document.getElementsByClassName('olas')\r\n\r\nconst URLactual = window.location.pathname\r\n\r\nsetTimeout(() => {\r\n\r\n    if(URLactual === '/'){\r\n      olas[4].parentNode.insertBefore(components[2], olas[4])\r\n      \r\n      video.parentNode.insertBefore(components[1], video)\r\n      \r\n      components[1].parentNode.insertBefore(populares,components[1])\r\n    }\r\n    if(URLactual === '/p/contacto'){\r\n      let imagen = document.createElement('img')\r\n      imagen.src = 'https://iili.io/Hg0a8gt.jpg'\r\n      if(screen.width > 800){\r\n        imagen.classList.add('contact-img')\r\n        document.getElementsByClassName('contact-form__input--email')[0].appendChild(imagen)\r\n      }else{\r\n        imagen.classList.add('contact-img-mobile')\r\n        document.getElementsByClassName('contact-form')[0].appendChild(imagen)\r\n      }\r\n    }\r\n\r\n}, 500);\r\n","src":"","priority":10,"key":"widget-6"},{"code":"\r\nconst URLactual = window.location.pathname\r\n\r\nif(URLactual === '/mayoristas'){\r\n\r\n    // document.getElementById('root-app').style.backgroundImage = 'url(https://iili.io/HUQ3hbt.jpg)'\r\n    // document.getElementById('root-app').style.backgroundSize = 'contain'\r\n\r\n    if (document.querySelector(\".ui-search\")) {\r\n        const ui_search = document.querySelector(\".ui-search\");\r\n\r\n        ui_search.classList.toggle(\"invisible\");\r\n\r\n        let main = document.querySelector(\"#root-app\");\r\n\r\n        main.innerHTML = `\r\n        <section class=\"mayoristas-section\">\r\n        <div class=\"may-div\">\r\n            <div class=\"may-header\">\r\n                <div class=\"may-header-h2\">\r\n                    <img src=\"https://iili.io/HUQ3XeI.png\"/>\r\n                </div>\r\n                <div class=\"may-header-logo\">\r\n                    <img src=\"https://http2.mlstatic.com/storage/mshops-appearance-api/images/26/1359504426/logo-2023050209373064600.webp\"/>\r\n                </div>\r\n            </div>\r\n            <div class=\"may-text\">\r\n                <p>Si tenés una tienda y querés vender nuestros productos podés contactarte con nuestro equipo de ventas</p>\r\n                <p>Mandanos un mail a <a href=\"mailto:contacto@barcodepapel.com.ar\"><strong>contacto@barcodepapel.com.ar</strong></a></p>\r\n                <p>O mandanos un mensaje al <a href=\"https://api.whatsapp.com/send?phone=5491151751717\" target=\"_blank\" ><strong class=\"wp\">+54 9 1151751717</strong></a></p>\r\n                <div>\r\n                    <img src=\"https://iili.io/HUrBS1V.png\"/>\r\n                </div>\r\n            </div>\r\n            \r\n            <a href=\"https://pdfhost.io/v/nuUa6RlPc_CATALOGO_BARCO_DE_PAPEL_2023\" target=\"_blank\" class=\"may-catalogo\">\r\n                <img src=\"https://iili.io/HUrqJat.png\"/>\r\n            </a>\r\n        </div>\r\n    </section>\r\n        `\r\n\r\n        throw new Error(\"Error controlado\");\r\n    } else if (document.querySelector(\".ui-search--zrp\")) {\r\n        const ui_search = document.querySelector(\".ui-search--zrp\");\r\n\r\n        ui_search.classList.toggle(\"invisible\");\r\n\r\n        let main = document.querySelector(\"#root-app\");\r\n\r\n        main.innerHTML = `        \r\n        <section class=\"mayoristas-section\">\r\n        <div class=\"may-div\">\r\n            <div class=\"may-header\">\r\n                <div class=\"may-header-h2\">\r\n                    <img src=\"https://iili.io/HUQ3XeI.png\"/>\r\n                </div>\r\n                <div class=\"may-header-logo\">\r\n                    <img src=\"https://http2.mlstatic.com/storage/mshops-appearance-api/images/26/1359504426/logo-2023050209373064600.webp\"/>\r\n                </div>\r\n            </div>\r\n            <div class=\"may-text\">\r\n                <p>Si tenés una tienda y querés vender nuestros productos podés contactarte con nuestro equipo de ventas</p>\r\n                <p>Mandanos un mail a <a href=\"mailto:contacto@barcodepapel.com.ar\"><strong>contacto@barcodepapel.com.ar</strong></a></p>\r\n                <p>O mandanos un mensaje al <a href=\"https://api.whatsapp.com/send?phone=5491151751717\" target=\"_blank\" ><strong class=\"wp\">+54 9 1151751717</strong></a></p>\r\n                <div>\r\n                    <img src=\"https://iili.io/HUrBS1V.png\"/>\r\n                </div>\r\n            </div>\r\n            \r\n            <a href=\"https://pdfhost.io/v/nuUa6RlPc_CATALOGO_BARCO_DE_PAPEL_2023\" target=\"_blank\" class=\"may-catalogo\">\r\n                <img src=\"https://iili.io/HUrqJat.png\"/>\r\n            </a>\r\n        </div>\r\n    </section>`\r\n\r\n        \r\nthrow new Error(\"Error controlado\");\r\n    }\r\n}\r\nconsole.log(7)","src":"","priority":10,"key":"widget-7"},{"code":"\r\nconst URLactual = window.location.pathname\r\n\r\nif(URLactual === '/nosotros'){\r\n\r\n    document.getElementById('root-app').style.backgroundImage = 'url(https://iili.io/HUQ3hbt.jpg)'\r\n    document.getElementById('root-app').style.backgroundSize = 'contain'\r\n\r\n    if (document.querySelector(\".ui-search\")) {\r\n        const ui_search = document.querySelector(\".ui-search\");\r\n\r\n        ui_search.classList.toggle(\"invisible\");\r\n\r\n        let main = document.querySelector(\"#root-app\");\r\n\r\n        main.innerHTML = `\r\n        <section class=\"mayoristas-section\">\r\n            <div class=\"nos-div\">\r\n                <div class=\"nos-header\">\r\n                    <div class=\"nos-header-h2\">\r\n                        <img src=\"https://iili.io/HUrMoIs.png\"/>\r\n                    </div>\r\n                    <div class=\"nos-header-flecha\">\r\n                        <img src=\"https://iili.io/HUrMGCx.png\"/>\r\n                    </div>\r\n                    <div class=\"nos-header-logo\">\r\n                        <img src=\"https://http2.mlstatic.com/storage/mshops-appearance-api/images/26/1359504426/logo-2023050209373064600.webp\"/>\r\n                    </div>\r\n                </div>\r\n                <div class=\"nos-text\">\r\n                    <p>Somos una empresa familiar que nació en el 2016. Comenzamos creando juegos que diviertan y estimulen a los pequeños de nuestra familia, aquellos primeros y tan especiales clientes. En 2018 dejamos nuestra querida cocina en Parque Chacabuco, para mudarnos a unas cuadras nomás a lo que hoy es nuestra fábrica de juegos y juguetes. Muchos se sumaron en el camino y hoy somos un equipo que se divierte mientras trabaja creando y armando productos nobles y duraderos para toda la familia.</p>\r\n                    <p>“Todos los aprendizajes más importantes de la vida, se hacen jugando”<br>Francesco Tonucci</p>\r\n                </div>\r\n                    <div class=\"nos-video-section\">\r\n                        <div class=\"nos-video-div\">\r\n                            <iframe src=\"https://www.youtube.com/embed/psiOM85PdTs\" width=\"560\" height=\"315\"\r\n                            title=\"YouTube video player\"\r\n                           loading=\"lazy\" frameborder=\"0\"\r\n                                 allow=\"accelerometer; autoplay; clipboard-write; encrypted-media; gyroscope; picture-in-picture\"\r\n                                 allowfullscreen></iframe>\r\n                            <div>\r\n                                <img class=\"flecha-arriba\" src=\"https://iili.io/HUrMCpn.png\"/>\r\n                                <img class=\"conocenos\" src=\"https://iili.io/HUrMBkX.png\"/>\r\n                            </div>\r\n                        </div>\r\n                        <div class=\"nos-video-img\">\r\n                            <img src=\"https://iili.io/HUrMxhG.png\">\r\n                        </div>                        \r\n                    <div>\r\n            </div>\r\n        </section>\r\n        `\r\n\r\n        throw new Error(\"Error controlado\");\r\n    } else if (document.querySelector(\".ui-search--zrp\")) {\r\n        const ui_search = document.querySelector(\".ui-search--zrp\");\r\n\r\n        ui_search.classList.toggle(\"invisible\");\r\n\r\n        let main = document.querySelector(\"#root-app\");\r\n\r\n        main.innerHTML = `\r\n        <section class=\"mayoristas-section\">\r\n            <div class=\"nos-div\">\r\n                <div class=\"nos-header\">\r\n                    <div class=\"nos-header-h2\">\r\n                        <img src=\"https://iili.io/HUrMoIs.png\"/>\r\n                    </div>\r\n                    <div class=\"nos-header-flecha\">\r\n                        <img src=\"https://iili.io/HUrMGCx.png\"/>\r\n                    </div>\r\n                    <div class=\"nos-header-logo\">\r\n                        <img src=\"https://http2.mlstatic.com/storage/mshops-appearance-api/images/26/1359504426/logo-2023050209373064600.webp\"/>\r\n                    </div>\r\n                </div>\r\n                <div class=\"nos-text\">\r\n                    <p>Somos una empresa familiar que nació en el 2016. Comenzamos creando juegos que diviertan y estimulen a los pequeños de nuestra familia, aquellos primeros y tan especiales clientes. En 2018 dejamos nuestra querida cocina en Parque Chacabuco, para mudarnos a unas cuadras nomás a lo que hoy es nuestra fábrica de juegos y juguetes. Muchos se sumaron en el camino y hoy somos un equipo que se divierte mientras trabaja creando y armando productos nobles y duraderos para toda la familia.</p>\r\n                    <p>“Todos los aprendizajes más importantes de la vida, se hacen jugando”<br>Francesco Tonucci</p>\r\n                </div>\r\n                    <div class=\"nos-video-section\">\r\n                        <div class=\"nos-video-div\">\r\n                            <iframe width=\"560\" height=\"315\" src=\"https://www.youtube.com/embed/psiOM85PdTs\" title=\"YouTube video player\" frameborder=\"0\" allow=\"accelerometer; autoplay; clipboard-write; encrypted-media; gyroscope; picture-in-picture; web-share\" allowfullscreen></iframe>\r\n                            <div>\r\n                                <img class=\"flecha-arriba\" src=\"https://iili.io/HUrMCpn.png\"/>\r\n                                <img class=\"conocenos\" src=\"https://iili.io/HUrMBkX.png\"/>\r\n                            </div>\r\n                        </div>\r\n                        <div class=\"nos-video-img\">\r\n                            <img src=\"https://iili.io/HUrMxhG.png\">\r\n                        </div>                        \r\n                    <div>\r\n            </div>\r\n        </section>\r\n        `\r\n        throw new Error(\"Error controlado\");\r\n    }\r\n}","src":"","priority":10,"key":"widget-8"},{"code":"const URLactual = window.location.pathname\r\n\r\nif(URLactual === '/rompecabezas-y-sus-beneficios'){\r\n\r\n    if (document.querySelector(\".ui-search\")) {\r\n        const ui_search = document.querySelector(\".ui-search\");\r\n\r\n        ui_search.classList.toggle(\"invisible\");\r\n\r\n        let main = document.querySelector(\"#root-app\");\r\n\r\n        main.innerHTML = `\r\n        <section class=\"mayoristas-section\">\r\n            <div class=\"art-div\">\r\n                <div class=\"art-categoria\">\r\n                    <p>JUGUETES</p>\r\n                </div>\r\n                <div class=\"art-h2\">\r\n                    <h2>ROMPECABEZAS Y SUS BENEFICIOS</h2>\r\n                </div>\r\n                <img src=\"https://iili.io/HrsJJeI.png\"/>\r\n                <div class=\"art-text\">\r\n                    <p>Hace poco incorporamos a nuestra familia los rompecabezas, comenzamos con 4 títulos y ahora tenemos 20. Nuestra variedad en cantidad de piezas va desde las 24 hasta 210 piezas.\r\n                    Los rompecabezas son juegos de piezas que al ordenarse forman una figura con una imagen. Armarlos no sólo es divertido, sino que tiene múltiples beneficios para todas las edades:\r\n                    <ul>\r\n                        <li>Incrementa la concentración</li>\r\n                        <li>Desarrolla la paciencia</li>\r\n                        <li>Disminuye el estrés</li>\r\n                        <li>Ejercita la memoria</li>\r\n                        <li>Estimula la imaginación</li>\r\n                        <li>Enseña autocontrol</li>\r\n                        <li>Mejora la autoestima</li>\r\n                        <li>Trabaja la motricidad fina</li>\r\n                    </ul>\r\n                    Por todo esto y más es que en Barco de papel adoramos los rompecabezas, y seguro vean pronto más títulos nuevos en nuestra colección</p>\r\n                </div>\r\n            </div>\r\n        </section>\r\n        `\r\n\r\n        throw new Error(\"Error controlado\");\r\n    } else if (document.querySelector(\".ui-search--zrp\")) {\r\n        const ui_search = document.querySelector(\".ui-search--zrp\");\r\n\r\n        ui_search.classList.toggle(\"invisible\");\r\n\r\n        let main = document.querySelector(\"#root-app\");\r\n\r\n        main.innerHTML = `        \r\n        <section class=\"mayoristas-section\">\r\n        <div class=\"art-div\">\r\n            <div class=\"art-categoria\">\r\n                <p>JUGUETES</p>\r\n            </div>\r\n            <div class=\"art-h2\">\r\n                <h2>ROMPECABEZAS Y SUS BENEFICIOS</h2>\r\n            </div>\r\n            <img src=\"https://iili.io/Hg1VIpI.png\"/>\r\n            <div class=\"art-text\">\r\n                <p>Hace poco incorporamos a nuestra familia los rompecabezas, comenzamos con 4 títulos y ahora tenemos 20. Nuestra variedad en cantidad de piezas va desde las 24 hasta 210 piezas.\r\n                Los rompecabezas son juegos de piezas que al ordenarse forman una figura con una imagen. Armarlos no sólo es divertido, sino que tiene múltiples beneficios para todas las edades:\r\n                <ul>\r\n                    <li>Incrementa la concentración</li>\r\n                    <li>Desarrolla la paciencia</li>\r\n                    <li>Disminuye el estrés</li>\r\n                    <li>Ejercita la memoria</li>\r\n                    <li>Estimula la imaginación</li>\r\n                    <li>Enseña autocontrol</li>\r\n                    <li>Mejora la autoestima</li>\r\n                    <li>Trabaja la motricidad fina</li>\r\n                </ul>\r\n                Por todo esto y más es que en Barco de papel adoramos los rompecabezas, y seguro vean pronto más títulos nuevos en nuestra colección</p>\r\n            </div>\r\n        </div>\r\n    </section>`\r\n\r\n        \r\n    throw new Error(\"Error controlado\");\r\n    }\r\n\r\n}\r\nif(URLactual === '/55-feria-del-juguete'){\r\n    if (document.querySelector(\".ui-search\")) {\r\n        const ui_search = document.querySelector(\".ui-search\");\r\n\r\n        ui_search.classList.toggle(\"invisible\");\r\n\r\n        let main = document.querySelector(\"#root-app\");\r\n\r\n        main.innerHTML = `\r\n        <section class=\"mayoristas-section\">\r\n        <div class=\"art-div\">\r\n            <div class=\"art-categoria\">\r\n                <p>JUGUETES</p>\r\n            </div>\r\n            <div class=\"art-h2\">\r\n                <h2>55° FERIA DEL JUEGUETE</h2>\r\n            </div>\r\n            <img src=\"https://iili.io/Hg1VzkN.jpg\"/>\r\n            <div class=\"art-text2\">\r\n                <div>\r\n                    <p style=\"margin: 30px 0\" >  Nos encanta participar de la feria del juguete organizada por la CAIJ en Costa Salguero, pero ésta edición fue algo especial. Nos reunió a todos de forma presencial luego de la pandemia, fabricantes y jugueteros; clientes, colegas, y amigos. Pudimos presentar novedades, hablar mirándonos y estrechar distancias, compartir un café. Con muchos nos pudimos conocer y con otros nos volvimos a dar un abrazo.</p>\r\n                    <p style=\"margin: 30px 0\" >Para los que no fueron, nos pueden ver en la foto. Somos Florencia y Sebastián, los que estamos detrás de la atención mayorista en la feria. También nos acompañó Adriana, aunque no salió en la foto. Entre los tres nos ocupamos de hablar con todas las tiendas amigas y gestionar cada una de sus consultas y pedidos.</p>\r\n                    <p style=\"margin: 30px 0\" >Esperamos ansiosos la nueva edición que será este 28, 29 y 30 de Septiembre para volver a vernos, presentar más novedades que ya estamos preparando y empezar a planear navidad y reyes.</p>\r\n                </div>\r\n                    <img src=\"https://iili.io/Hg1Vx7p.jpg\"/>\r\n            </div>\r\n        </div>\r\n    </section>\r\n        `\r\n\r\n        throw new Error(\"Error controlado\");\r\n    } else if (document.querySelector(\".ui-search--zrp\")) {\r\n        const ui_search = document.querySelector(\".ui-search--zrp\");\r\n\r\n        ui_search.classList.toggle(\"invisible\");\r\n\r\n        let main = document.querySelector(\"#root-app\");\r\n\r\n        main.innerHTML = `        \r\n        <section class=\"mayoristas-section\">\r\n        <div class=\"art-div\">\r\n            <div class=\"art-categoria\">\r\n                <p>JUGUETES</p>\r\n            </div>\r\n            <div class=\"art-h2\">\r\n                <h2>55° FERIA DEL JUEGUETE</h2>\r\n            </div>\r\n            <img src=\"https://iili.io/Hg1VzkN.jpg\"/>\r\n            <div class=\"art-text2\">\r\n                <div>\r\n                    <p style=\"margin: 30px 0\" >  Nos encanta participar de la feria del juguete organizada por la CAIJ en Costa Salguero, pero ésta edición fue algo especial. Nos reunió a todos de forma presencial luego de la pandemia, fabricantes y jugueteros; clientes, colegas, y amigos. Pudimos presentar novedades, hablar mirándonos y estrechar distancias, compartir un café. Con muchos nos pudimos conocer y con otros nos volvimos a dar un abrazo.</p>\r\n                    <p style=\"margin: 30px 0\" >Para los que no fueron, nos pueden ver en la foto. Somos Florencia y Sebastián, los que estamos detrás de la atención mayorista en la feria. También nos acompañó Adriana, aunque no salió en la foto. Entre los tres nos ocupamos de hablar con todas las tiendas amigas y gestionar cada una de sus consultas y pedidos.</p>\r\n                    <p style=\"margin: 30px 0\" >Esperamos ansiosos la nueva edición que será este 28, 29 y 30 de Septiembre para volver a vernos, presentar más novedades que ya estamos preparando y empezar a planear navidad y reyes.</p>\r\n                </div>\r\n                    <img src=\"https://iili.io/Hg1Vx7p.jpg\"/>\r\n            </div>\r\n        </div>\r\n    </section>`\r\n\r\n        \r\n    throw new Error(\"Error controlado\");\r\n}\r\n}\r\n","src":"","priority":10,"key":"widget-9"}]